ProductID,SKU
9540,000299
9549,000307
11036,000349
9542,000422
9508,000448
9459,000455
9254,000695
9263,000703
9252,000729
8369,000786
8131,000901
8681,000976
9266,001131
9256,001172
8969,001206
8971,001214
8970,001222
11960,001230
8972,001248
9146,001362
11494,001446
8330,001511
7817,001529
9164,001578
9156,001586
9511,001669
8842,001677
8590,001727
8284,001735
9255,001750
9297,001768
7840,001784
8282,001883
9293,001891
9108,001933
9112,001958
9111,001982
10536,002006
8880,002014
8882,002022
9268,002055
8235,002147
11961,002238
10696,002253
8718,002311
11493,002329
7833,002352
7832,002360
10138,002394
10648,002428
10649,002444
10650,002469
10651,002485
10652,002493
10653,002519
10654,002527
10655,002535
10656,002543
11060,002550
11061,002568
11062,002576
11063,002626
11064,002642
11065,002659
11121,002667
11066,002774
11067,002782
11068,002790
11069,002816
11070,002832
11240,002873
10668,002881
9053,003012
10996,003079
10997,003087
10484,003129
10480,003145
10149,003285
9253,003301
8938,003327
9267,003335
9265,003343
11653,003376
11654,003384
11814,003400
8166,003426
8712,003459
8645,003475
9140,003491
9141,003509
10356,003533
10357,003541
8066,003574
9157,003608
9155,003624
9174,003665
8291,003673
9199,003707
9192,003723
9191,003731
8405,003772
9225,003780
11832,003798
11708,003806
11833,003830
11834,003848
11835,003855
11710,003897
10924,003921
10925,003939
11875,003947
11876,003954
10926,003988
10927,003996
11877,004101
11878,004127
11879,004135
7814,004168
10697,004200
8714,004218
7822,004267
9778,004283
9776,004291
9777,004309
9758,004366
9772,004374
8301,004440
8295,004473
9708,004523
8290,004531
8278,004549
10137,004556
9975,004671
8288,004713
7807,004762
7811,004770
7813,004788
8086,004812
8085,004820
9753,004937
8077,004994
8078,005009
9259,005017
8242,005041
10821,005116
9147,005157
9143,005207
9935,005215
11962,005264
11126,005298
8072,005447
9469,005454
9468,005462
7816,005496
7824,005504
9250,005538
9269,005645
9535,005652
8588,005694
9979,005751
8980,005827
10117,005900
10410,005983
11815,006031
11816,006049
11817,006056
8279,006239
10101,006361
10100,006486
9258,006528
8181,006536
8977,006585
10781,006593
9260,006601
9764,006619
10784,006635
9797,006643
9791,006650
9795,006700
10038,006825
12156,006932
10669,006940
11880,007047
11881,007062
8879,007088
8103,007203
11882,007229
11883,007237
9752,007245
8621,007252
9591,007351
9158,007369
11884,007377
9598,007393
9602,007401
9606,007419
9650,007435
9584,007492
9539,007526
10698,007583
9485,007609
9493,007617
10596,007641
7898,007682
7897,007716
9643,007724
9646,007740
11926,007815
9663,007849
9660,007856
9605,007872
9603,007880
10258,008029
11058,008102
10977,008136
10786,008144
9794,008151
11271,008177
11272,008201
9589,008235
9593,008250
9496,008359
9492,008375
10894,008391
8143,008409
8134,008599
10068,008615
10036,008656
9633,008664
8636,008672
8797,008680
9818,008698
9819,008706
8646,008714
9891,008748
9890,008755
11241,008805
10670,008839
8169,008870
11071,008920
11072,008938
11800,009068
10227,009126
11885,009134
9479,009209
9503,009217
9483,009225
9501,009233
9672,009274
9668,009282
10040,009365
10041,009373
8084,009548
10247,009613
10246,009621
9264,009787
9820,009829
10355,009910
11805,009985
9458,010074
7716,010157
7720,010165
7831,010173
11886,010330
8782,010363
9251,010405
9504,010504
9582,010512
9601,010546
8283,010579
11125,010587
11424,010595
10776,010611
10148,010637
9628,010660
11124,010678
8145,010694
9673,010710
9586,010728
9629,010736
9625,010744
9631,010751
9644,010785
9661,010793
10981,010819
10699,010835
11242,010868
11243,010876
11244,010900
7722,011031
9080,011049
8589,011098
7959,011130
10700,011148
10308,011155
8749,011288
8748,011296
8516,011387
11963,011395
8793,011437
9954,011445
9955,011460
9950,011478
9949,011486
10200,011551
8775,011577
9316,011650
8770,011692
11245,011700
11073,011718
10674,011726
11074,011734
11075,011775
11076,011783
7895,011825
8591,011874
11059,011882
9977,011924
8898,011957
10678,012153
9649,012229
9948,012385
9953,012393
8950,012443
8951,012450
8953,012468
8952,012476
8135,012641
10494,012658
9671,012849
9845,012856
11246,012898
11247,012906
9450,012930
10679,012948
8901,013029
11887,013078
10492,013094
9675,013201
9595,013219
9627,013227
9588,013235
9635,013243
9677,013250
9636,013284
9664,013292
9669,013342
9632,013359
9765,013441
9763,013458
9227,013532
9863,013540
10820,013615
9189,013714
9110,013771
9957,013813
7710,013979
7711,013995
7712,014019
9484,014118
9505,014126
9494,014134
9491,014159
9666,014282
9639,014290
9486,014662
10329,014696
8377,014795
9387,014837
9386,014845
9384,014852
11888,014878
10701,014951
8881,014977
8067,015107
8068,015115
10702,015123
9775,015263
9771,015271
9687,015321
8168,015347
8171,015354
11496,015388
10762,015453
12005,015461
11083,015487
11084,015495
8322,015636
9630,015644
11964,015677
10351,015693
10374,015735
9667,015743
10703,015867
11115,015883
9261,015941
9821,016162
9822,016170
8385,016220
7706,016246
9383,016303
9294,016360
11314,016436
8692,016485
9757,016626
10067,016691
11238,016717
10704,016766
7725,016816
11927,016824
7732,016840
9061,016865
9055,016873
9292,016907
9069,017251
9062,017285
9637,017327
9590,017368
9306,017475
9600,017517
9596,017525
9604,017533
9638,017541
9634,017558
9645,017566
9662,017574
9597,017590
9665,017624
9623,017632
9592,017640
9626,017657
9594,017665
9648,017707
7724,017723
9655,017830
10104,018655
9966,019000
10397,019034
11248,019430
11249,019448
8056,019489
8054,019497
8055,019505
7838,019521
8690,019646
10593,019661
9283,019695
10394,019919
9674,020040
9642,020057
10240,020065
10245,020073
10242,020081
10238,020107
10241,020115
10244,020123
11889,020156
8745,020339
8746,020347
7834,020453
10055,020560
10054,020578
10052,020602
10228,020875
8177,020883
8178,020891
9981,020909
9563,020917
10477,020941
11840,021097
10476,021154
10485,021162
10490,021360
8720,021519
7862,021535
9802,021642
9519,021733
9520,021741
8133,021782
8296,021790
9844,021824
10061,021964
8738,022046
9016,022087
8794,022095
8826,022160
10383,022228
10154,022681
8362,022806
8375,022814
10534,022855
9379,022947
9378,022954
11712,023002
8070,023119
8069,023143
8426,023333
8425,023341
8711,023424
10229,023580
8587,023671
11890,023754
9855,023762
9518,023796
9524,023853
9525,023861
9526,023879
7891,023945
9240,023986
10982,024059
8637,024331
8638,024349
7657,024356
7655,024364
7656,024372
10705,024505
9693,024513
9889,024604
8944,024653
8751,024752
9165,024844
11102,024844
10405,024869
10640,025437
8424,025452
10680,025510
10681,025536
10682,025619
11250,025635
10683,025676
8089,025833
8297,026005
8522,026161
8518,026179
8666,026682
9780,027201
9760,027219
9759,027227
7940,027318
8276,027367
10073,027391
9815,028365
9051,030460
9599,030478
10998,030767
10059,030791
9195,031054
9201,031062
7841,031104
10706,031112
10103,031302
9731,031641
10053,031773
10057,031880
10170,031948
9694,031963
10179,031971
9034,031989
9035,031997
9037,032003
10196,032011
10198,032037
10175,032045
10167,032052
10164,032060
10165,032078
8435,032276
8632,033134
10618,033142
9695,033209
9861,033480
8259,033886
9036,033944
10115,034199
9952,034215
10150,034363
8325,034645
11077,034652
11251,034702
11252,034751
11078,034769
11079,034827
10707,034835
8975,035287
10185,035592
11257,035782
10708,035832
9807,035840
11495,035915
10709,035923
10710,035949
8501,036160
10188,036442
9159,036509
9951,036970
8355,037796
9017,037895
8415,037937
9142,038059
10252,038067
9160,038182
11965,038232
8175,038380
7842,038505
9200,038562
8127,038687
8128,038695
8129,038711
8507,038786
8510,038810
8508,038828
8506,038844
11129,039024
11130,039032
9407,039354
11019,039362
11080,039743
11081,039776
9186,039800
9187,039818
11848,039826
9185,039834
11849,039867
8289,039925
8274,039941
7672,039958
7675,040170
7670,040188
7674,040220
9471,040410
9624,040428
9641,040436
9585,040444
11581,040485
11713,040527
11128,040535
8865,040717
8963,040873
8429,040964
10983,041160
8612,041236
9980,041244
10226,041285
10598,041392
9392,041418
8427,041541
8967,041590
9193,041624
11023,041830
9296,042184
9692,042218
8076,042234
10387,042374
10066,042465
9654,042705
9651,042713
9475,042960
9500,042978
9498,042986
11891,042994
9676,043109
9298,043182
10711,043430
10712,043448
9836,043869
11253,043968
10713,044164
11082,044198
10690,044214
10569,044305
11482,044313
9864,045815
9865,046078
10336,046433
9451,046516
10641,047159
8182,047415
8700,048199
10337,048306
8615,048553
10714,048678
10310,048793
9284,048918
11134,049007
10096,049361
10386,049437
9385,049775
10166,049932
10715,049965
8785,049981
9956,050187
9449,050229
11132,050369
11642,050377
9188,050864
10601,050955
10037,050963
7728,051185
7723,051219
8719,051268
9936,051276
9933,051284
9587,051540
9670,051557
10195,051599
7764,051607
7749,051649
9581,051672
9377,051748
8910,051763
11273,051953
7729,052266
10163,052357
11829,052910
8776,052928
9506,053066
10765,053256
7870,053348
7871,053355
11266,053363
12006,053371
10766,053397
7869,053405
11267,053413
11133,053447
9723,053520
11268,053538
12007,053546
9721,053553
9719,053561
9720,053579
10767,053645
10768,053678
11269,053710
8356,054049
10074,054056
8617,054064
11131,054098
10716,054122
8293,054155
10389,054304
10388,054312
10717,054452
10114,054494
8949,054924
10235,054957
8341,054999
7650,055038
8867,055053
11914,055251
9005,055350
10467,056002
7781,056267
11651,056317
9808,056358
7777,056515
7782,056523
7785,056531
10584,056556
7951,056564
7950,056572
7954,056580
8585,056598
8532,056887
9325,056911
9324,056929
9323,056937
9327,056945
9326,056952
8851,057026
8445,057182
8446,057208
8248,057224
8519,057265
8520,057273
8521,057281
8524,057299
8731,057315
8728,057323
8737,057331
7795,057430
7949,057463
11767,057489
7801,057505
7788,057513
8546,057539
8547,057547
8536,057612
8535,057620
8534,057638
8670,057646
8559,057729
8557,057737
8260,057745
10787,057810
8088,057992
10718,058099
11258,058107
9477,058180
9814,058222
8374,058255
8529,058321
8530,058339
11096,058412
10234,058420
9809,058602
9583,058610
10318,058917
8509,059105
9405,059113
10322,059329
10328,059410
9138,059576
8825,059584
10623,060236
9329,060335
9334,060343
8847,060350
8989,060376
7762,060400
7774,060509
7773,060517
7778,060525
8710,060699
8866,061119
8444,061234
8988,061325
8845,061333
8846,061341
8852,061358
8850,061366
8859,061374
8447,061382
10719,061515
11001,061564
10788,061572
11144,061580
10789,061606
10331,061747
10332,061754
10296,061770
10720,061796
10299,061820
10305,061838
10320,061861
10330,061903
10319,061929
8383,061978
7946,062125
10909,062174
10317,062190
10316,062208
10300,062216
7823,062430
10335,062489
10291,062497
8336,062661
10309,062679
11966,062737
10721,062786
8727,062901
9403,063057
9656,063511
9657,063537
9658,063545
9653,063602
9652,063610
9617,063651
7730,063719
8726,063982
11119,063990
11120,063990
9616,064196
9618,064204
9614,064212
9610,064220
9609,064238
9622,064246
9615,064279
9619,064311
9621,064329
9613,064345
9607,064352
9611,064436
9620,064451
8552,064758
10298,065144
10306,065151
10311,065169
8640,065292
8163,065458
10297,065581
10334,065631
9659,065797
9640,065805
9608,065813
8253,066209
8252,066217
9612,066308
8370,066365
10176,066613
10290,070359
8771,070607
9043,070680
9829,070813
9831,070854
8338,070995
11674,071100
9976,073015
10056,073171
8334,073197
8326,073205
10984,073304
10307,073551
10321,073577
10333,073585
10293,073593
8753,074104
8754,074112
8755,074120
8680,074310
8167,074328
10312,074344
11042,074468
11043,074476
10545,074484
10546,074492
7964,074500
11044,074518
7965,074526
11045,074534
7969,074542
7973,074559
11046,074567
7977,074575
7972,074583
11047,074591
7976,074609
10551,074617
7979,074625
7967,074633
11048,074641
7971,074658
11049,074666
7970,074674
7974,074682
7975,074690
10554,074708
7982,074716
7966,074724
7968,074732
11050,074740
11051,074757
8213,074765
10557,074773
11052,074781
11053,074799
8183,074807
8185,074815
8187,074823
11054,074831
11055,074849
8197,074856
8190,074864
8193,074872
8196,074880
8198,074898
8200,074906
11056,074914
8186,074922
8189,074930
8192,074948
8188,074955
8191,074963
8194,074971
8195,074989
8206,074997
8207,075002
8205,075010
10563,075028
8214,075036
8209,075044
8208,075051
8210,075069
8215,075077
11085,075085
9932,075440
8348,075473
8968,075622
8827,075697
10251,075788
10313,076141
8025,076398
8026,076406
8028,076455
8029,076463
8030,076471
8031,076489
8032,076497
8033,076513
8034,076539
8035,076547
8036,076562
8037,076679
8039,076687
8038,076695
8042,076703
10542,076737
8021,076745
10379,076802
10472,077123
9696,077149
10722,077289
9154,077347
9152,077354
9153,077362
8406,077370
10139,077461
10292,077479
9828,077644
12088,077693
12089,077719
8878,078220
8703,078253
10515,078402
8698,078543
9380,078584
9235,078600
9233,078618
9228,078626
11892,078709
9962,078758
10326,078873
10304,078899
10514,078915
10493,079590
7713,079608
8981,079616
10624,079897
11239,079947
7685,080044
7753,080051
7955,080085
8543,080135
8551,080143
8437,080200
8162,080481
8704,080838
10723,081109
10724,081117
10725,081125
7886,081448
9838,082073
10580,082149
9332,082164
9330,082172
10585,082206
8544,082263
8548,082271
9813,082339
8730,082354
10184,082388
9229,082511
9139,082545
11528,082545
7665,082552
9241,082925
9239,082933
7826,083345
9328,083535
8170,083618
10726,083642
7780,083683
7952,083691
8667,083709
8201,084061
8203,084087
8202,084095
8199,084103
8212,084111
8211,084129
8204,084137
7980,084145
10564,084152
10565,084160
8146,084327
11711,084467
8828,084574
8829,084608
8830,084632
10380,084665
11850,084756
8277,085209
10770,085217
11414,085282
9796,085423
9730,085449
8533,085605
10586,085621
8531,085639
10587,085647
10619,085837
10294,085969
10445,086066
10414,086074
10418,086082
10432,086090
10437,086108
10442,086116
10440,086124
10431,086132
10428,086140
10421,086157
8959,086363
11768,086462
7779,086512
10588,086520
7784,086538
11769,086546
7953,086553
9333,086579
8992,086645
8993,086652
8244,086686
7776,086694
10448,086736
10404,086744
10423,086751
10408,086769
10411,086785
10413,086801
9299,087098
8409,087429
10727,087445
8410,087452
11259,087965
11260,087973
11261,087981
11262,087999
10728,088021
11263,088039
11264,088062
10729,088070
10730,088088
10731,088096
11141,088104
10732,088112
10733,088120
10734,088146
10791,088229
7859,088237
8593,088575
9048,088658
8419,088757
9487,088815
9490,088823
9502,088831
7887,088856
8857,088898
9070,089326
9052,089342
8441,089458
7757,089466
10270,089540
10315,089672
7651,089755
11818,089987
7978,089995
11939,090035
7836,090431
8407,090530
10735,090563
8408,090597
10736,090621
7760,090787
7715,090845
11318,090977
8734,091033
11819,091223
9044,091405
7755,091546
7799,091553
10489,091561
10486,091579
9411,091603
9415,091611
10409,092593
10406,092601
9812,092692
7768,092700
8555,092718
8844,092734
10412,092965
10403,092999
10444,093021
10430,093039
10429,093047
8960,093237
7797,093427
9528,094235
9470,094599
9313,094664
8184,095315
10785,095364
10253,095380
8436,095646
10161,095869
8343,096115
7789,096164
10102,096222
10737,096248
10738,096628
9389,096750
9382,096768
9390,096776
7790,096792
10478,097105
10475,097113
10497,097121
11295,097139
10860,097162
10861,097170
10862,097188
10491,097204
10481,097212
10642,097394
10643,097410
11002,097485
7858,097501
10829,097519
11057,098301
10537,098368
10446,098434
10199,098681
11893,099119
9811,099531
7839,099747
10147,099796
10625,099820
9038,099861
8423,099895
10110,099937
7746,100081
10828,100453
9394,100750
8733,100826
11142,101618
10178,101782
8418,102194
10895,102764
12024,102822
9489,102954
9985,103051
11162,104158
11163,104166
10433,104430
10422,104448
8450,104513
8449,104521
8448,104539
9823,104604
8883,104620
8503,104638
9561,104901
9478,105387
10979,105742
8668,105817
8526,105825
8523,105833
8525,105841
7658,105858
9942,105981
9417,106294
8620,106880
8622,106898
8623,106906
8624,106914
8625,106930
9230,106971
9234,106997
8554,107318
10487,107334
7787,107433
10739,107524
8373,107854
10769,108324
8669,108381
8280,108498
10570,108795
9331,108951
7800,109066
7754,109140
8156,109199
8161,109215
10980,110031
8504,110080
10301,110411
11500,110635
8558,110973
8517,110981
10324,111195
10740,111419
7709,111559
10741,111567
10796,111757
10797,111765
10798,111799
10799,111807
10800,111815
10801,111823
10802,111872
10803,111880
11483,112300
11039,112318
9424,112847
9938,112938
10450,112961
9817,112979
9529,113191
9839,113282
10016,113480
10006,113522
10007,113530
10012,113563
10023,113571
9996,113597
10000,113621
10008,113639
9995,113647
10018,113654
9994,113662
9993,113670
12020,113688
10005,113696
10031,113720
10777,113761
9998,113787
9999,113795
10027,113837
10021,113845
10025,113860
10030,113878
10028,113886
10022,113894
10024,113902
10026,113910
10029,113928
10606,114207
11254,114439
11255,114447
10691,114454
9531,114959
9413,115212
9409,115261
8664,115303
11967,115733
9073,116178
9460,116301
9175,116533
8884,116566
10538,116582
9986,116665
9647,117002
10172,117564
10192,117572
10168,117622
7707,117648
7835,117994
10469,118109
9295,118133
10060,118679
9248,119305
9244,119313
9247,119339
11856,119636
8927,119859
8930,119867
9335,120329
7666,120576
9237,120964
8858,121301
8249,121665
9927,121996
10259,123141
7921,123554
12136,123588
12137,123596
8611,124115
7750,124313
10889,124354
10607,126185
9882,127761
9700,127837
7991,127878
8765,127936
8763,127985
7744,128033
10050,128041
10058,128058
7747,128082
10271,128108
9190,128371
10846,128413
10847,128421
11416,128454
8614,129205
8513,130732
10039,131888
9869,132415
11341,132423
9892,132498
8265,132555
11446,133033
8702,133074
10197,133199
10193,133264
10539,133363
11904,133694
11358,133967
7943,134577
9042,134643
8928,135020
8931,135046
9183,135210
7734,135277
7735,135285
7738,135301
7742,135319
7737,135327
7740,135335
7741,135343
9830,135376
11148,137315
8764,137349
8766,137364
9806,137539
9805,137612
9804,137638
10186,138321
12126,139295
9339,140665
8856,141440
8855,141473
8556,141564
9987,141697
11024,142083
7736,143016
10948,143073
7739,144485
8900,144493
9120,144501
12127,145128
9832,145201
9416,145300
9066,145672
9562,146126
10384,146340
11265,147736
11857,148114
9088,148122
11858,148155
11173,148353
7856,148528
7851,148536
10830,148569
7867,148585
7857,148619
7850,148643
10831,148692
8391,149070
8392,149088
9041,149328
9039,149336
9833,150789
8604,151852
10118,152322
7960,153379
10098,154211
10842,154435
10843,154716
9715,155846
8835,155929
7957,155952
9732,156000
11859,156166
11860,156174
11861,156182
10896,156463
8744,156703
8743,156711
11311,157263
7759,157453
9322,157586
7860,157883
8594,158295
11020,158618
7745,159475
7915,159947
9391,159996
8404,160929
10381,161075
10382,161083
8023,161216
8022,161224
8024,161398
8769,161703
11894,161760
7883,162313
8421,162537
8304,163055
8747,163568
9002,163618
11905,164558
11906,164566
9307,165019
11655,165282
7796,166124
11613,166215
8889,167403
8027,167551
10832,167676
10833,167684
11862,168682
9426,168849
9792,169375
8153,170357
9040,170621
11675,170852
11676,170860
8020,170902
10264,171017
10076,171504
9702,171637
8899,171678
8545,171686
8442,171694
8439,171801
11770,172411
7731,172742
9078,173153
9846,173278
11735,175000
11597,175257
7984,177170
7981,177188
7983,177196
11940,177790
11941,177808
9461,177832
10151,178194
10594,178806
11113,179341
9707,179903
9709,179911
10344,179929
10345,179952
12025,179978
11443,180042
10348,180059
10349,180067
10346,180075
10347,180083
10350,180091
9893,180364
11372,180919
9079,181339
10183,181446
11444,181933
8438,182279
10834,182550
10835,183160
9242,183178
10836,185512
9064,186221
9086,186254
9810,186726
7918,187054
12139,187427
9978,188896
9050,189514
9084,189522
9085,189548
7863,189613
7958,191635
10540,191775
10194,193151
7948,193433
8861,193573
11230,194118
7919,194530
8750,195305
10644,195925
11709,195958
10001,196345
10003,196352
10004,196410
10017,196493
9887,196519
8528,196667
7945,196741
8860,196923
8729,197079
11736,197210
8600,197228
7687,197285
11004,197400
9087,197442
7794,197657
8853,197681
10419,197731
10792,198598
11025,199372
9480,199703
9022,200550
9007,201186
9071,201822
10302,201939
9388,202275
7676,202432
9232,202630
8837,203018
11027,203398
11021,203869
11153,203885
9008,203968
11771,204586
10075,204768
9908,204891
9922,205112
11915,205740
10608,205757
10793,206268
10837,206318
7852,206326
7854,206334
7866,206342
11627,206359
7865,206367
10838,206391
9238,206631
10589,207035
10839,207183
8505,207324
10859,207506
8176,207514
10162,207613
9545,208058
7688,208090
11909,208439
8961,208652
8962,208660
9547,209296
9054,209346
8440,209890
7868,210088
9722,210187
10947,210351
8430,210419
7719,210625
8874,211953
8873,211961
11231,211995
9097,212415
9098,212423
9096,212449
9853,213058
9801,214015
7892,214064
7888,214114
9736,214916
8854,214940
10207,216218
10295,216762
10325,216770
10323,216788
9543,217208
7803,217406
10071,217778
10070,217802
10069,217810
8609,217828
9914,218719
8570,218776
9782,218800
11916,218834
9779,219121
9868,219139
9773,219188
10804,219352
12022,219360
11772,220319
9579,220418
10158,220517
11270,221069
10375,221127
10812,221168
10813,221184
9462,221192
7686,221630
7855,221648
7864,221671
7861,221689
10742,221713
8073,221721
8674,222075
8323,222224
10401,223495
9021,223586
10416,223750
9875,223982
12026,223990
11445,224014
8653,224030
8651,224055
12095,224147
12096,224154
12097,224162
12098,224170
10265,224329
9367,224360
10814,224378
11968,224493
10080,224584
8281,224782
9364,224931
9365,224949
9368,224956
9867,225250
7758,225326
8164,225342
10180,225359
10249,225565
7793,226159
9888,226183
9768,226431
9223,226449
7792,227371
10959,227454
10960,228015
10191,228148
10177,228155
10181,228163
8694,228197
11821,228254
10645,228536
11442,228544
9231,228726
8630,228734
10182,228759
10009,229104
8902,229161
9363,229203
9362,229211
10250,229302
10447,229740
10402,229757
10439,229765
10424,229773
10407,229781
10417,229799
10452,229807
11028,229989
11022,230102
7652,230268
11427,230359
10780,230367
10840,230805
8527,231027
10171,231050
10213,231084
10214,231092
7791,231472
9718,231555
8245,231720
8246,231738
8247,231746
8707,231837
8272,232249
10609,232835
9862,233254
8742,233668
8618,233924
10778,233973
10779,233981
11628,233999
7837,234138
8159,234641
9321,234682
11176,234757
11177,234765
7956,235119
11087,235317
11398,235457
12023,235481
10805,235507
10014,235978
8571,236406
8577,236414
8574,236422
8575,236430
8939,236497
9402,236505
9401,236513
7667,236661
9006,236836
9003,236844
8321,236943
11485,237248
11400,237255
8286,237701
10033,237719
10034,237941
10516,238121
8126,238170
10010,238196
11863,238634
9464,238725
11844,238733
11845,238741
10794,238782
9850,238899
10806,238972
11516,238998
9312,239202
9315,239210
11846,239251
10072,239277
8428,239335
10985,239657
9148,239673
9149,239681
7765,239954
10961,240135
11895,241083
8849,241307
9030,241596
9027,241604
9025,241612
9031,241638
7809,242073
8432,242479
10771,242487
11896,242537
9770,242941
7990,243121
8607,243147
8606,243154
8608,243162
11864,243535
7815,243832
10571,243832
10807,243923
10815,243956
10816,243980
10817,243998
9182,244160
10890,244400
9884,244475
10479,244608
10826,244715
9843,244798
7748,244814
12131,245423
11692,245472
11822,245746
8586,245951
8261,246330
8639,246496
9761,246652
8629,246959
10808,246991
8287,247056
8628,247239
8641,247262
8965,247288
9399,247510
9270,247627
9271,247635
11802,247676
7846,247718
7853,247874
9180,247924
9144,247932
11969,247940
11970,247957
8752,248096
10772,248179
9381,248658
8236,248757
10790,248955
10795,248955
11156,248955
12150,249334
9397,249466
8772,249714
10646,249813
8578,249821
9311,249995
10610,250001
10809,250076
10611,250241
11165,250266
9916,250373
10155,250514
8706,250621
9847,250654
10986,250688
9396,250761
11656,250811
9028,251108
10823,251116
9969,251355
8269,251561
9713,251611
10572,251637
9712,251645
9714,251652
9716,251660
10573,251678
9711,251686
10574,251694
8660,252007
12128,252080
10841,252429
9395,252601
11693,252650
11029,252668
9226,252676
8689,252759
10743,252866
8687,252874
11088,252916
10236,253039
11198,253054
11823,253070
7751,253138
10509,253153
9463,253229
9406,253849
9737,254227
9738,254235
9739,254243
9577,254318
9512,254425
9740,254474
9741,254482
9742,254490
9743,254508
9744,254516
9854,254649
9068,254862
8836,254961
10378,255141
8708,255422
11694,255497
11026,255711
8152,255729
7941,255893
8294,256198
8318,256297
8319,256305
11170,256313
11591,256354
8891,256446
8973,256933
9398,257105
10824,257147
7848,257162
8675,257287
10425,257303
9746,257352
9747,257360
9748,257378
9749,257386
9745,257394
10818,257451
9056,257469
9060,257477
8701,257691
11488,257840
11489,257857
9063,258194
9058,258202
11847,258426
10257,258434
10256,258442
9184,258475
11944,258608
11945,258616
9272,258624
8579,258632
7819,258855
7828,258863
11695,258889
11696,258897
11697,258905
7726,259036
7721,259184
9894,259788
8422,259804
10146,259846
10079,259853
10844,260398
7806,260570
8413,260802
8875,260950
9706,260968
8778,261321
9555,261784
11773,261834
8302,261891
10503,261990
9181,262402
10626,262550
10627,262568
10628,262576
10629,262584
10630,262592
10631,262600
10632,262618
10633,262626
10634,262634
10635,262642
10263,262725
9913,262832
9918,262873
11308,262972
7878,263293
7880,263301
7884,263319
7877,263335
10575,263343
7873,263368
7876,263376
9727,263384
9729,263400
9262,263640
10526,263749
10527,263756
9921,263863
9301,263871
9425,263889
9430,263897
10512,263947
8671,263962
11851,264093
8843,264390
9163,264432
10530,264580
7808,264697
12030,264788
12031,264796
8351,264846
9800,264879
9928,265165
11698,265421
9162,265447
10863,265561
10864,265579
8390,265603
10377,265611
9414,265843
9412,265868
11971,266072
10513,266379
7810,266395
10636,266551
10637,266585
10576,266767
7885,266775
7881,266783
9249,266791
7874,266858
8597,266932
8596,266940
10201,267146
10966,267187
10962,267278
10963,267294
10964,267310
10612,267377
9915,267450
9912,267468
9895,267476
9897,267492
9896,267500
8006,267823
8007,267831
8595,268052
8598,268375
11178,268540
10212,268631
8592,268805
9527,268904
9522,268912
9523,268920
7783,269001
10231,269332
10230,269340
9874,269357
8800,269381
10015,269415
9958,269449
11441,269605
9202,269720
9203,269738
10352,270066
10084,270421
10082,270439
10089,270447
10083,270454
11106,270504
8381,270512
10531,270686
8017,270884
10088,271197
8305,271486
8401,271494
9684,271585
8740,271684
8741,271692
9701,271783
9703,271791
9704,271817
11910,271916
11911,271924
8877,272054
9366,272070
9410,272096
8631,272153
10131,272534
8872,272542
11384,272591
10303,272617
10744,272633
11643,272674
8090,272708
8091,272716
10362,272724
10363,272732
9848,272757
9317,272765
10078,273094
9029,273169
7942,273235
9756,273243
9755,273250
8114,273268
10045,273375
10048,273458
9404,273466
8063,273474
8060,273490
8062,273508
8781,273516
8783,273524
8420,273557
9033,274068
9961,274092
12083,274647
7641,274704
7899,274894
7900,274902
11917,274944
12075,275073
9725,275180
10289,275198
10314,275230
9245,275305
8228,275412
8229,275420
8230,275438
8218,275446
8219,275453
8227,275461
8217,275479
8222,275487
8220,275495
8223,275503
8224,275511
8225,275529
8226,275537
8216,275545
8232,275552
8665,275586
10810,275917
10811,275925
8340,276121
8298,276139
7928,276154
9151,276162
9533,276261
10466,276659
10464,276667
10465,276683
10468,276691
10453,277129
8332,277368
10508,277608
10510,277616
8568,278044
8576,278069
8569,278085
8573,278093
10395,278135
9997,278960
11000,278978
7701,279521
10124,279539
8732,279562
9474,279604
10095,279612
9408,279869
8416,280099
10002,280941
9246,280966
10187,281006
9076,281246
9074,281253
10132,281337
10354,281402
8121,282079
8122,282087
9793,282111
9082,282236
8147,282319
9937,282640
8119,282665
7818,282855
7827,282863
12099,282939
7929,282970
10567,283077
7936,283119
10133,283531
8417,283598
9974,283630
10202,284174
10219,284307
10218,284315
8123,284331
8124,284349
11192,284588
12100,284877
9783,284935
9919,284943
10099,285023
11699,285114
10011,285262
10511,285312
11440,285403
9881,285759
10373,285817
9026,286245
11623,286567
11624,286575
11625,286583
7963,286930
8486,287581
8491,287599
7761,287656
8361,287755
7659,287904
10190,288050
11803,288209
11086,288399
9521,288472
10999,288654
8402,288761
8349,288787
9903,288803
10143,288829
10144,288837
11714,289371
9351,289900
9418,289934
8979,290262
8043,290379
8044,290387
8045,290395
8046,290403
11677,290411
7847,290452
8976,290643
10353,290676
7925,290932
7934,290940
8693,291013
10081,291112
8008,291260
8009,291278
8002,291294
10975,291302
10261,291336
8098,291401
8102,291419
9837,291633
8108,291708
10086,291724
10745,291922
9705,291948
11103,292458
9992,292581
11423,292789
8908,292805
8909,292813
7756,292904
9342,293126
11104,293217
8773,293324
12129,293449
10267,293530
11558,293589
10205,293662
10260,294074
9565,294132
9566,294140
9569,294173
9564,294181
10020,294637
9567,294710
8676,294942
10498,295014
8779,295071
7798,295089
10595,295121
9445,295162
9444,295188
8974,295212
8926,295246
7820,295329
9767,295378
7927,295493
7821,295691
7829,295709
7763,296053
8999,296137
9000,296145
9001,296152
8011,296160
8012,296178
8010,296186
8013,296194
8015,296202
8014,296210
9568,296277
11774,296301
7698,296475
7699,296483
7697,296491
7917,296525
8262,296590
9816,296855
10415,296913
9114,297044
10524,297341
11918,297358
11032,297614
8795,297689
10457,297705
12045,297721
9441,297846
9442,297861
10488,298083
10483,298091
11644,298240
11645,298257
9350,298273
10590,298745
7767,298752
10822,298851
7681,298877
7678,298950
7677,298968
7875,299214
9717,299222
9726,299230
9728,299248
7985,299347
7986,299354
7913,299404
7912,299412
7923,299487
7922,299495
10746,299511
8434,299537
8243,299750
7932,299826
9344,300061
9443,300103
9075,300111
9077,300129
9910,300194
9314,300228
9429,300236
7937,300418
7947,300517
8868,300525
8739,300665
9698,300723
9699,300731
9697,300749
7812,300830
9866,300988
8537,301226
8539,301234
11804,301309
10987,301440
9960,301465
11114,301481
10578,301598
9236,301606
8876,301648
7766,301820
9101,302067
9100,302083
12101,302166
8905,302182
9059,302190
10967,302232
8275,302729
7939,302802
8657,302901
9172,302968
9169,302976
9170,302992
9173,303008
9171,303016
9168,303024
10454,303602
11355,303610
11972,303842
11559,303982
11560,303990
12090,304014
11107,304378
11171,304386
11097,304394
10136,304675
10268,304683
7933,304931
10032,304964
10019,304972
11973,305094
8907,305284
8431,305300
8433,305326
11974,305813
11447,305847
11975,305854
7825,306530
7679,306548
10372,306563
9724,306837
11526,306969
10208,307090
9557,307199
9972,307215
11836,307231
9907,307264
9906,307272
9905,307280
9883,307389
9879,307397
10458,307405
8257,307421
10825,307488
10217,307496
8903,307553
8904,307561
7642,307686
11585,307694
12153,307702
9453,307934
9454,307942
10506,307967
9578,308031
7931,308114
8767,308171
9375,308346
9376,308353
8263,308379
9393,308791
11757,309419
8652,309476
11903,309674
8985,310003
8986,310011
10396,310037
10399,310052
10398,310060
8787,310177
10459,310292
8803,310409
11012,310425
8155,310490
12133,310508
10111,310904
10112,310912
10113,310920
9472,311217
11837,311225
8366,311241
8363,311258
8364,311266
8365,311274
8367,311282
9514,311290
10047,311415
8906,311514
10376,311613
8285,311621
9548,311654
9546,311662
9544,311670
9541,311688
10994,312124
10090,312298
10091,312306
9213,312355
9221,312363
9216,312371
9217,312389
9206,312397
9207,312405
9214,312413
9220,312421
9219,312439
7775,312504
7786,312512
9109,312579
7926,312603
7935,312611
9218,312744
7702,313049
11617,313056
9211,313064
9212,313072
9215,313080
9208,313098
11317,313114
9210,313122
9205,313130
10455,313221
8149,313585
7906,313668
8111,313775
9925,313817
8616,313858
10928,314054
10929,314062
8838,314146
10106,314153
10105,314179
10107,314187
10773,314229
8685,314492
8684,314500
10968,314617
10930,314799
9513,315143
10262,315333
9944,315358
7772,315507
11098,315531
9209,315549
10931,315648
10932,315655
10933,315663
11678,315739
11679,315747
11680,315754
11681,315762
11682,315770
11683,315812
11684,315820
8018,315838
8019,315846
8050,315853
8048,315861
8051,315879
8049,315887
8047,315895
8001,315937
8003,315945
8792,315978
8786,315986
10915,316000
10638,316182
8885,316299
9345,316489
9343,316497
8978,316521
10870,316554
12011,316620
10902,316638
10426,316687
10420,316695
9400,316745
9150,316752
10934,316786
10935,316794
10936,316802
10937,316810
10938,316828
10939,316836
11919,316877
11920,316901
11140,316992
11038,317008
11715,317016
7631,317107
10254,317164
11193,317172
10255,317180
11194,317198
7879,317206
8100,317305
8093,317313
8154,317404
8158,317412
8016,317453
10046,317487
9115,317495
9509,317552
10427,317578
8052,317586
8053,317594
10871,317602
10872,317610
10873,317628
10874,317636
10875,317651
10876,317669
10877,317677
10878,317685
10879,317693
10880,317719
10881,317727
10882,317735
10883,317743
10884,317750
10885,317768
10886,317776
10887,317784
10639,317842
9923,317883
10094,317909
7830,317925
11112,317933
10600,318006
11820,318105
10747,318121
9167,318139
9166,318170
9849,318329
8605,318337
10897,318345
8303,318352
8096,318402
8094,318410
9204,318469
9688,318477
11152,318485
8799,318493
10910,318519
8502,318527
10287,318576
10286,318584
8721,318865
8414,318873
12159,318907
9113,319004
8238,319046
11865,319095
11006,319129
10857,319137
10858,319145
9045,319186
11912,319194
9349,319228
11225,319236
10988,319251
9532,319301
9421,319319
9530,319327
8655,319384
12032,319418
12046,319459
10203,319475
10581,319541
10942,319681
10943,319707
7654,319871
8997,319897
8994,319905
10916,319913
8995,319962
8987,319970
8104,319988
7907,320051
9455,320101
9685,320259
9683,320275
7684,320309
8172,320374
8173,320382
9346,320416
8443,320473
10969,320499
10970,320507
10971,320515
10972,320523
10973,320531
10974,320549
9457,320606
7911,320614
10341,320622
8565,320663
11511,320671
11512,320689
8065,320697
9222,320705
9840,320739
9841,320747
9145,320754
11866,320762
11867,320770
10223,320788
10989,320820
10990,320838
9422,320861
7893,320879
7894,320887
8682,320986
10174,321117
7849,321133
10204,321141
9515,321174
10949,321281
10950,321299
10951,321307
10952,321315
10953,321323
10954,321331
10955,321349
10956,321356
10597,321372
10923,321455
10327,321471
10288,321489
10582,321539
10906,321547
12151,321679
10957,321703
11220,321885
11033,321943
9964,321968
8394,321992
8393,322008
8382,322016
12015,322024
8339,322032
8357,322040
12016,322057
12017,322107
10849,322115
10850,322123
10851,322131
10852,322149
10853,322156
10854,322164
8399,322172
8403,322198
8389,322206
8347,322214
12018,322222
8353,322230
8360,322362
10541,322396
10855,322453
10856,322461
9681,322511
9680,322537
9682,322545
10613,322719
10907,322784
10438,322792
8824,322925
9902,322933
9373,322966
9372,322982
9374,322990
12047,323022
9371,323030
9929,323097
10042,323121
11034,323170
8395,323196
8396,323204
9886,323238
8106,323246
10568,323402
10940,323618
10051,323634
10049,323642
9799,323675
11159,323691
9798,323709
10913,323907
9481,324095
8157,324111
10905,324269
10591,324319
10865,324335
7648,324343
7645,324350
7646,324368
7643,324376
11657,324384
7647,324392
11658,324400
10866,324418
7644,324442
8140,324566
8139,324582
8141,324590
11007,324673
8142,324681
12102,324699
9784,324723
9735,324731
9423,324749
9428,324756
9920,324764
10342,324772
8137,324780
11003,324798
8138,324814
8136,324830
9121,324855
10917,324871
11008,325001
11009,325019
9538,325134
12048,325142
11013,325175
8397,325209
12049,325266
8761,325282
8760,325308
11014,325316
11015,325324
9094,325357
10233,325464
8955,325498
8957,325506
7889,325530
7890,325548
10339,325555
10340,325563
8956,325571
10898,325605
9131,325613
9135,325639
9130,325670
10093,325712
10092,325720
12019,325738
8116,325811
8996,325829
10976,325969
11010,326058
11011,326066
9754,326090
7896,326116
8713,326124
8724,326223
8725,326249
8723,326256
8722,326272
9370,326280
8788,326298
10995,326322
10908,326397
8346,326447
8105,326462
8107,326470
10911,326520
10400,326546
10941,326553
9257,326579
11030,326595
11031,326603
9065,326629
9072,326645
9067,326652
8780,326736
10210,326785
10209,326793
10903,326801
10904,326819
9710,326876
10958,326884
11018,326892
11632,327155
10965,327189
10647,327197
11219,327205
8864,327296
8863,327312
8572,327320
8582,327338
10893,327346
10845,327353
8658,327445
10912,327528
9924,327536
7908,327544
7904,327601
8057,327668
11685,327692
8040,327700
8041,327718
8179,327775
8180,327783
9982,327791
9983,327809
9679,327817
9678,327825
7668,327916
7669,327924
10517,327981
8345,328054
11005,328062
10991,328070
10992,328088
10013,328146
9369,328187
8239,328203
8656,328229
11016,328252
10914,328294
11686,328310
9047,328328
9046,328351
11413,328369
10583,328377
11396,328435
8798,328450
9517,328468
9516,328476
10535,328492
9348,328518
7640,328526
7639,328542
11017,328559
9347,328567
10888,328633
8004,328658
10922,328666
8110,328690
9057,328724
10819,328740
8840,328765
8839,328773
8841,328781
9197,328799
7653,328831
9116,328856
8580,328872
11425,328963
11426,328971
9691,328989
7902,328997
10614,329003
10615,329011
9427,329037
9917,329045
9456,329052
10616,329078
10617,329086
10529,329094
10528,329102
9128,329144
9129,329151
9124,329177
10899,329185
9126,329193
9137,329201
10470,329243
9803,329268
10919,329300
10920,329326
10921,329342
10152,329391
8892,329425
9318,329433
9319,329441
8870,329458
8299,329466
10891,329490
10892,329508
11921,329532
11922,329540
8610,329615
9049,329623
8697,329649
7914,329680
12103,329698
8240,329730
7988,329748
7989,329755
8384,329813
9571,329839
9572,329847
9570,329854
9018,329904
7961,329912
7962,329920
9851,329946
9852,329953
9198,329961
12104,330035
9788,330050
9789,330084
9787,330118
9196,330126
10993,330134
7882,330142
11923,330241
8635,330274
8649,330282
8633,330290
8644,330308
8648,330316
8634,330324
11099,330324
8642,330381
8647,330399
9300,330423
9824,330449
9826,330456
9825,330464
8566,330530
10248,330555
9019,330563
9020,330571
7987,330597
10119,330605
10501,330688
8823,330852
8822,330860
7673,330878
11354,330902
10602,330928
8886,330951
11395,330977
9733,331017
10471,331025
8231,331090
8221,331108
8064,331157
10449,331207
8327,331223
9439,331256
9440,331264
7671,331355
8691,331363
11924,331421
9132,331645
7696,331686
9842,331694
8895,331710
8893,331728
8897,331736
8894,331744
8896,331751
8869,331827
8759,331850
8758,331868
8757,331876
8756,331884
12050,331900
11179,331918
11180,331926
11181,331934
11182,331942
11183,331959
11184,331967
11185,331975
11186,331983
10393,332015
10392,332023
9275,332056
9452,332064
8496,332072
8494,332080
8495,332098
8497,332114
12091,332189
10461,332221
10462,332239
10463,332247
9276,332270
8492,332288
8493,332296
8500,332312
8654,332320
8916,332338
8074,332361
7903,332379
10077,332395
10211,332478
8388,332551
8498,332577
8499,332585
8887,332809
9536,332817
9537,332825
11187,332940
8626,332973
8627,332981
8400,333062
8871,333070
8643,333120
9340,333195
9341,333203
8862,333229
10343,333393
9336,333435
9337,333443
7661,333609
7662,333617
8990,333625
8991,333633
9353,333724
10237,333732
9358,333773
9359,333781
9161,333849
11758,333963
11925,333989
9762,333997
11720,334003
8888,334037
9354,334045
8371,334052
8372,334060
8890,334102
10620,334151
7660,334276
11716,334433
8661,334441
11455,334458
8165,334466
8250,334599
8251,334607
9686,334672
8936,334755
8937,334763
8925,334771
8919,334789
8912,334797
8914,334821
9689,334920
8934,334938
9482,334979
9497,334987
9499,335000
9495,335042
9488,335059
9476,335083
11459,335158
9361,335174
9360,335182
8920,335190
10603,335265
10604,335273
10605,335281
10944,335299
10945,335307
8268,335323
9273,335331
9433,335349
9432,335356
10900,335364
10901,335372
10087,335380
10085,335398
8267,335406
9274,335414
9781,335422
10946,335455
9117,335562
10435,335570
11841,335588
9931,335620
10599,335653
9963,335661
9473,335679
8935,335687
8911,335695
8922,335711
8924,335729
8917,335737
8923,335745
8933,335752
8918,335760
8921,335778
8915,335786
8913,335794
8929,335802
10918,335810
8118,335893
7804,335901
9081,336081
8256,336099
8255,336107
8254,336115
9911,336149
7916,336198
7700,336271
7680,336289
7683,336297
7682,336305
10500,336354
9786,336370
9769,336388
11775,336412
10109,336461
8683,336479
8678,336487
11700,336537
9934,336545
8005,336552
8125,336586
8117,336602
9136,336735
9435,336818
9436,336891
8984,337006
10043,337121
10044,337139
8717,337154
8716,337162
8715,337170
12051,337204
8808,337261
8807,337279
8809,337329
9032,337345
10533,337410
12052,337485
7930,337501
12105,337519
7938,337535
7717,337568
10436,337634
8966,337725
10359,337774
10364,337782
10360,337790
10361,337816
8387,337824
8805,337857
8806,337899
8386,337998
8324,338004
8329,338012
10358,338020
10495,338046
9309,338053
11302,338111
11830,338152
9984,338160
11415,338178
12106,338228
8599,338327
8948,338392
8130,338400
11353,338467
9766,338475
9011,338483
7695,338558
8601,338566
8619,338582
10280,338608
10279,338616
7727,338640
11557,338715
10130,338780
10116,338806
10129,338814
10126,338822
10122,338830
8774,338863
7691,338871
10064,338889
10065,338897
9224,339077
8270,339101
8271,339119
8115,339242
10273,339259
8613,339267
9989,339275
9991,339283
9988,339291
10451,339309
11116,339309
9959,339333
11717,339390
8804,339572
7998,339614
7999,339622
8801,339630
8802,339648
9558,339747
9559,339754
9560,339762
10266,339770
9901,339796
9899,339804
9900,339812
9872,339820
9871,339838
9873,339846
9870,339853
8789,339960
10277,339978
10274,339994
7690,340000
9303,340018
9305,340026
9304,340034
8562,340075
7693,340083
8563,340091
9119,340323
10456,340372
9898,340380
9965,340398
9690,340448
9302,340505
10867,340604
10868,340612
11556,340638
8564,340703
8300,340778
7909,340786
7910,340794
9941,340885
11166,340919
8561,340976
10507,341008
9118,341016
8160,341040
8650,341081
11190,341099
8833,341107
8834,341115
8832,341123
10134,341149
10127,341156
10371,341164
10367,341172
10368,341206
10369,341222
10366,341255
10370,341271
10365,341289
9576,341438
9575,341446
9573,341453
9574,341461
8233,341800
9510,341909
10063,341917
10281,341941
9990,341958
10035,341974
8092,342006
8292,342014
8097,342055
8101,342063
8099,342071
8095,342089
8109,342204
9466,342212
9876,342279
10135,342295
10120,342303
10128,342311
10125,342329
10123,342337
10482,342378
7704,342410
7705,342428
8688,342436
8567,342493
8581,342501
7872,342535
9420,342543
8241,342584
9010,342659
8368,342667
10097,342717
8112,342725
8113,342733
9310,342741
9012,342766
8735,342774
8736,342782
9004,342824
8354,342865
8333,342899
8376,342907
8342,342915
8350,342964
8144,342980
7733,342998
9009,343004
9580,343053
8335,343061
8352,343079
9013,343087
8784,343095
8344,343103
7743,343129
8699,343137
8954,343145
11091,343343
9827,343392
8337,343426
9945,343459
9946,343467
9947,343475
8762,343483
10269,343517
9127,343525
11453,343533
8964,343541
11976,343566
10108,343574
9878,343582
9877,343590
9734,343673
8310,343681
8317,343699
8315,343707
8316,343715
8308,343756
8320,343764
8306,343772
8314,343780
7769,343814
7771,343822
10272,343855
8932,343889
8695,343921
8379,343947
9419,343962
12084,343988
8312,344051
8258,344127
8998,344135
8150,344382
8148,344390
12107,344408
12108,344416
10157,344424
8982,344432
9967,344440
9968,344457
9971,344465
9970,344473
10502,344515
8309,344523
7694,344531
10276,344556
10275,344564
9308,344572
8071,344580
8705,344721
9909,344739
10284,344747
10282,344754
10283,344762
10285,344770
7752,344796
8538,344986
8549,344994
8550,345009
8553,345017
8796,345025
8940,345058
9790,345215
8331,345801
9243,345843
8359,345991
9356,346056
7708,346072
9355,346098
7689,346106
8947,346114
8946,346122
8945,346130
10216,346155
10869,346189
11188,346312
11189,346338
9774,346486
8273,346510
10215,346536
10220,346619
10224,346627
10225,346635
10221,346643
10222,346650
9446,346957
8087,346981
10521,347070
11349,347088
10520,347104
10169,347138
9467,347286
9751,347617
9750,347625
8983,347708
8459,347849
8481,347856
8462,347864
8463,347880
8475,347898
8479,347906
8458,347914
8464,347922
8465,347930
8461,347948
8460,347955
8473,347963
8474,347971
8471,347989
8472,347997
8469,348003
8470,348011
8467,348029
8476,348037
8477,348045
8455,348052
8454,348060
8480,348078
8482,348086
8483,348094
8478,348102
8468,348110
8466,348136
8456,348144
8457,348151
11037,348326
9926,348367
8790,348441
8777,348490
8378,348508
8380,348516
9785,348607
7770,348698
11575,348714
8659,348722
8662,348748
8663,348755
9122,348821
11721,348888
10173,348912
9123,348938
7994,348979
7996,348987
7992,348995
8487,349001
8490,349027
12053,349050
10504,349126
10505,349134
7802,349217
11722,349282
8791,349399
8453,349464
8452,349472
10153,349522
7636,349571 
7638,349589
7637,349597
11563,349613
10523,349639
10519,349647
10518,349654
10522,349662
8816,349670
8817,349688
8818,349696
8821,349704
8820,349712
7635,349720
7632,349738
8819,349746
8815,349753
8811,349761
8810,349779
8812,349787
8813,349795
8814,349803
7634,349852
7633,349860
7844,349878
7845,349886
7843,349894
7703,350058
7997,350074
7995,350082
10525,350280
9352,350298
10243,350330
8488,350389
8489,350397
8831,350405
8264,350454
7924,350462
8511,350496
8512,350504
8686,350520
10499,350553
11256,350561
8058,350579
8328,350587
8677,350595
8672,350603
8673,350611
8679,350629
10140,350694
10141,350710
10142,350736
7905,350744
7901,350751
11737,350785
8942,350801
8943,350819
8941,350827
9289,350835
9288,350843
9286,350850
9285,350868
8237,350918
9447,350926
9448,350934
8234,350942
10592,350942
7649,350991
9856,351106
9857,351114
10827,351114
9859,351130
9860,351189
9858,351197
9179,351254
9178,351270
9177,351296
9176,351304
10385,351429
10145,351437
9943,351502
9939,351510
9940,351528
9880,351536
9338,351759
10474,351783
10496,351791
10473,351809
7805,351817
9904,351825
8485,351965
11633,352088
8514,352120
11806,352195
9556,352369
9552,352377
9554,352385
9553,352393
8266,352419
11807,352427
9930,352484
11808,352492
11191,352500
8540,352534
8541,352542
8542,352559
10239,352583
10156,352617
9465,352641
10159,352724
10160,352732
11824,352773
7663,353011
7664,353029
8311,353078
8560,353136
11151,353144
9357,353169
9291,353219
9290,353227
9194,353250
7692,353557
11809,353573
11810,353581
8307,353615
10189,353631
8958,353672
10278,353698
11868,353730
9095,353771
11869,353789
9103,353813
9093,353821
9092,353839
9089,353854
9090,353862
9091,353870
9107,353912
9104,353920
9105,353938
9106,353946
11870,353953
9099,353961
10206,354001
11614,354019
8583,354027
11615,354043
8000,354076
9014,354159
9015,354167
9102,354183
11871,354191
11872,354209
11527,354217
9551,354225
10062,354241
9550,354282
8313,354308
12138,354340
8132,354407
11476,354464
11477,354472
10460,354613
8484,354720
7944,354738
11589,354803
8151,354845
10391,354944
10390,354951
8412,354969
8411,354977
8515,354993
9279,355008
9278,355016
9277,355024
9282,355032
9280,355040
9281,355057
10338,355081
10121,355123
10532,355370
8848,355503
9885,355545
10579,355701
11977,355719
8079,355768
8075,355776
8081,355784
8080,355792
8082,355800
8083,355818
11150,355834
8061,355883
10775,355891
8696,355941
11335,355990
11336,356006
8120,356014
10232,356113
9287,356139
9133,356220
9125,356238
9134,356246
9024,356345
9023,356352
8603,356360
8602,356378
9834,356386
9835,356394
9434,356535
9431,356550
9437,356568
9438,356576
7993,356683
11618,356691
11454,356741
11197,357012
11122,357178
12009,357293
8059,357319
8584,357616
11167,357624
11168,357632
11169,357640
9320,357764
11533,357772
11040,357780
11534,357798
11535,357806
11536,357814
11537,357822
11538,357830
11539,357848
11659,357947
11660,357954
11661,357962
11811,358002
11629,358135
11630,358176
11631,358184
8174,358242
11339,358325
11041,358515
11540,358531
11149,358929
11978,359000
11035,359273
11195,359299
11196,359307
7714,359505
12033,359554
12034,359562
11776,359612
11777,359620
11778,359638
12054,359695
12055,359778
12056,359786
11928,359893
11090,360164
11351,360172
11123,360230
11812,360248
10749,360388
10750,360396
10751,360404
10752,360412
10753,360438
10754,360446
10755,360453
10756,360461
10757,360479
10758,360487
8398,360495
10759,360495
11105,360495
10760,360503
10761,360511
10774,360537
11723,360560
10434,360610
10443,360628
10441,360636
11094,360636
10782,360644
12057,360669
10692,360867
10693,360875
10694,360883
10695,360891
11385,360925
11542,360958
11579,360974
11472,360982
11421,360990
11108,361162
11724,361204
11701,361212
11378,361287
11315,361337
12130,361394
11227,361543
11352,361584
11422,361626
11340,361725
11226,362541
11089,362699
11979,362707
11980,362715
10748,362723
11280,362731
11279,362764
11981,362939
11982,362947
11092,363119
12076,363218
12077,363226
11779,363424
11825,363432
11780,363671
11145,363812
11146,363820
11759,363853
11607,363903
11319,363929
11100,363937
11983,363978
11430,363986
11095,363994
11287,364000
11602,364018
11984,364026
11603,364042
11473,364067
11474,364117
11206,364158
11229,364265
11781,364299
11760,364315
11580,364356
11782,364679
12010,364703
11761,364778
11762,364786
11783,364810
11662,364869
11164,365023
11611,365064
11946,365148
11947,365155
11379,365171
11784,365221
11160,365239
11161,365247
11224,365254
11350,365387
11109,365411
11110,365429
11111,365437
11738,365700
11288,365759
11838,365858
11839,365882
11948,365940
11101,365965
11289,366005
11290,366013
11604,366047
11985,366054
8358,366062
11281,366070
11986,366088
11373,366179
11456,366237
11457,366245
11387,366401
11873,366591
11874,366609
11739,366781
11740,366799
12008,367243
9507,367326
11616,367375
11942,367474
12141,367532
11407,367557
11408,367565
11409,367573
11410,367581
11276,367797
11356,368001
11391,368043
11741,368217
11987,368779
11988,368787
11989,368795
11990,368803
11991,368811
11291,368829
11282,368837
11154,368928
12021,369231
11763,369256
11689,369280
11690,369298
11277,369314
11278,369322
11992,369355
11993,369439
7718,369447
11357,369454
11292,369462
11785,369579
11786,369587
11787,369595
11449,369710
11450,369728
11451,369736
11452,369744
12132,369785
11691,370114
11147,370148
11344,370155
11200,370189
11201,370197
11202,370213
12134,370270
11293,370296
11605,370304
11725,370445
12160,370486
11663,370494
10577,370510
11310,370544
12058,370643
11388,370650
11571,370742
12135,370809
12078,371062
11203,371112
11726,371146
11458,371161
12059,371203
12060,371237
11155,371336
12061,371385
12062,371450
12063,371468
12064,371476
12065,371492
9083,371633
11127,371633
11204,371658
11205,371666
11143,371708
11994,371716
11949,371724
11553,371880
11554,371898
12109,371906
12110,371914
12111,371922
11576,371963
11577,371971
11555,371989
11283,372052
9973,372078
11117,372144
11687,372318
11688,372326
11235,372367
11897,372383
8768,372391
11586,372466
11590,372474
11609,372516
11135,372524
11136,372532
12066,372540
11137,372557
11138,372565
11139,372573
11742,372839
11743,372854
11744,372862
11380,372870
11381,372888
11382,372896
12112,373084
12113,373092
12114,373100
12115,373118
12116,373134
12117,373142
12118,373209
12119,373225
12120,373241
11216,373258
11217,373266
11218,373290
12121,373373
11221,373498
11222,373506
11223,373514
11294,373522
11524,373563
11525,373571
11232,373589
11157,373597
11158,373605
11389,373654
11390,373662
11312,373688
9534,373761
11236,373829
11337,373878
11313,373969
12012,373977
11497,373985
11518,373993
8709,374058
11211,374108
12079,374116
12080,374132
11212,374199
11213,374207
11214,374215
11215,374223
11237,374348
11702,374363
11703,374371
11199,374413
11704,374421
12142,374694
11561,374736
11562,374751
11374,374793
11375,374801
11376,374819
11727,374991
11728,375006
11729,375014
11622,375121
11831,375238
12143,375279
11207,375402
11208,375410
11209,375428
11210,375436
11801,375550
12081,375592
12082,375600
11392,375626
11393,375642
11394,375667
11174,375683
11175,375691
11612,375766
11664,375816
11745,376020
11898,376095
11172,376129
11545,376137
11619,376152
11620,376160
11621,376178
11730,376202
11764,376467
11234,376970
11286,376988
12144,377085
11606,377127
12145,377135
12067,377341
11233,377713
11460,377721
11461,377739
11582,377846
11462,377887
12122,377945
11307,378091
11228,378141
11377,378166
11665,378406
11666,378414
11667,378422
11668,378448
11813,378588
12027,378695
11463,378729
12085,378745
11475,378760
12028,378885
12086,379123
11484,379149
11510,379164
11572,379180
11646,379222
11995,379248
11842,379271
12029,379388
12035,379545
12036,379560
12140,379842
11608,379867
12013,379883
11284,379958
11383,379982
11285,379990
11929,380006
11950,380014
11401,380089
11852,380113
11853,380121
11854,380139
11855,380147
11464,380154
11465,380162
11529,380360
11296,380386
11297,380394
7920,380402
11298,380402
11299,380410
11300,380428
11301,380436
11530,380444
11303,380451
11478,380469
11669,380477
11670,380485
11304,380501
11305,380592
11306,380600
11788,380634
11789,380725
11790,380741
11765,380758
11564,380782
11565,380790
11566,380808
11567,380816
11568,380824
11705,380873
11405,380923
11386,381160
11746,381244
11309,381285
11791,381293
12087,381350
11513,381525
11514,381533
11515,381541
11548,381756
11549,381772
11316,381806
11731,381921
11550,381939
11551,381947
11747,381954
11552,381962
11748,381970
11499,382135
8451,382143
11996,382259
11997,382267
11466,382440
11467,382457
11468,382481
11998,382499
11469,382523
11999,382531
11470,382556
12000,382564
11471,382580
12001,382598
12002,382606
12003,382614
11320,382648
11321,382655 
11322,382663
11749,382747
11792,382861
11793,382879
11323,382887
11324,382895
11325,382903
11326,382911
11327,382929
11328,382937
11329,382945
11330,382952
11331,382960
11332,382978
11333,383034
11334,383042
11583,383257
11750,383349
11573,383471
12123,383554
12124,383562
11338,383711
12014,383950
12004,383968
11766,384073
11794,384156
11342,384164
11343,384214
11732,384297
11733,384321
11734,384339
11345,384487
11346,384495
11347,384503
11348,384511
11371,384651
11907,384701
11448,384719
11908,384727
11411,384735
12068,384859
12069,384875
11951,384891
11952,384909
11359,385005
11360,385013
12125,385021
11671,385104
11370,385138
11361,385146
11362,385153
11363,385161
11364,385179
11369,385187
11365,385195
11601,385211
11953,385229
11366,385237
11367,385245
11368,385252
11899,385484
11647,385492
11648,385500
11649,385518
12146,385625
11397,385757
11399,385831
11578,386086
11719,386110
12092,386177
11954,386193
11751,386276
11587,386375
11588,386383
11930,386482
11584,386516
11574,386581
11428,386755
11429,386763
11843,387308
12093,387613
11795,387969
11796,387977
11797,387985
12037,388280
11752,388512
11826,388561
11931,389072
11932,389098
11933,389106
11934,389122
11935,389130
11936,389155
11900,389361
11901,389379
11902,389387
11753,389619
11754,389668
11755,389676
12147,389726
11492,389965
12038,389973
12070,390005
12071,390021
11636,390054
12072,390104
11937,390211
11546,390328
11547,390336
11955,390443
12039,390450
12040,390518
11956,390526
11957,390534
12041,390591
12044,390658
12042,390666
11958,390716
11959,390724
11798,390872
11799,390880
11938,390997
11652,391086
11706,391094
11635,391177
11598,391243
11638,391334
11639,391342
11599,391359
11600,391367
11640,391375
11641,391383
11943,391391
11610,391417
12073,391425
11827,391458
11828,391664
12148,391672
11596,391698
11479,391722
11756,391805
11480,391938
11503,391953
11504,391961
11505,391979
11506,391987
11507,391995
11508,392001
11718,392084
11481,392167
11490,392191
11491,392209
11486,392365
11487,392373
11707,392423
12074,392522
12157,392969
12158,392977
11501,392993
11531,393199
11569,393280
11570,393314
11672,393330
11532,393348
11673,393355
11498,393561
11913,393611
11626,393710
12149,393975
12094,394361
11522,394452
11502,394478
11517,395053
11519,395269
11520,395277
11521,395285
11523,395350
12043,396200
11634,397091
12161,397703
11637,399089
11650,399667
11592,399683
11593,399691
11594,399709
11595,399717
11541,401869
1,WY001
11275,WY001
2,WY002
3,WY003
4,WY004
5,WY005
6,WY006
7,WY007
8,WY008
10,WY008
9,WY009
11,WY010
12,WY011
13,WY012
14,WY013
15,WY014
11093,WY015
16,WY016
17,WY017
18,WY018
19,WY019
20,WY020
21,WY021
22,WY022
23,WY023
24,WY024
25,WY025
26,WY026
27,WY027
28,WY028
29,WY029
30,WY030
31,WY031
32,WY032
33,WY033
34,WY034
35,WY035
36,WY036
37,WY037
38,WY038
39,WY039
1057,WY041
1058,WY042
1059,WY043
1060,WY044
1061,WY045
1062,WY046
1064,WY047
1065,WY048
1066,WY049
1067,WY050
1068,WY051
1069,WY052
1070,WY053
1071,WY054
1072,WY055
1073,WY056
1074,WY057
1075,WY058
1076,WY059
1077,WY060
1078,WY061
1079,WY062
1080,WY063
1081,WY064
1082,WY065
1083,WY066
1084,WY067
1085,WY068
1086,WY069
1087,WY070
1088,WY071
1089,WY072
1090,WY073
1091,WY074
1092,WY075
1093,WY076
1094,WY077
1095,WY078
1096,WY079
1097,WY080
1098,WY081
1099,WY082
1100,WY083
1101,WY084
1102,WY085
1104,WY086
1105,WY087
1106,WY088
1107,WY089
1108,WY090
1109,WY091
1110,WY092
1111,WY093
1112,WY094
1113,WY095
1114,WY096
1115,WY097
1116,WY098
1056,WY099
1117,WY099
1118,WY100
1119,WY101
1120,WY102
1121,WY103
1122,WY104
1123,WY105
1124,WY106
1125,WY107
1126,WY108
1127,WY109
1063,WY110
1128,WY110
1129,WY111
1130,WY112
1131,WY113
1132,WY114
1133,WY115
1134,WY116
1135,WY117
1136,WY118
1137,WY119
1138,WY120
1139,WY121
1140,WY122
1141,WY123
1142,WY124
1143,WY125
1144,WY126
1145,WY126
1146,WY127
1147,WY128
1148,WY129
1149,WY130
1150,WY131
1151,WY132
1152,WY133
1153,WY134
1154,WY135
1155,WY136
1156,WY137
1157,WY138
1158,WY139
1159,WY140
1160,WY141
1161,WY142
1162,WY143
1163,WY144
1164,WY145
1165,WY146
1166,WY147
1167,WY148
1168,WY149
1169,WY150
1170,WY151
1171,WY152
1172,WY153
1173,WY154
11402,WY155
11403,WY156
11404,WY157
11406,WY158
11412,WY159
11417,WY160
11418,WY161
11419,WY162
11420,WY163
11431,WY164
11432,WY165
11433,WY166
11434,WY167
11435,WY168
11436,WY169
11437,WY170
11438,WY171
11439,WY172
11509,WY173
11543,WY174
12152,WY174
11544,WY175
12154,WY176
12155,WY177
